旧相対URL,新相対URL,対応,備考
/access/index.html,/access,301転送,_redirectsの実設定と転送先ファイルを照合済み。公開HTTP挙動は切替時に確認
/admission/index.html,/admission,301転送,_redirectsの実設定と転送先ファイルを照合済み。公開HTTP挙動は切替時に確認
/archives/100/index.html,/archive-100,301転送,_redirectsの実設定と転送先ファイルを照合済み。公開HTTP挙動は切替時に確認
/archives/100.html,/archive-100,301転送,_redirectsの実設定と転送先ファイルを照合済み。公開HTTP挙動は切替時に確認
/archives/104/index.html,/archive-104,301転送,_redirectsの実設定と転送先ファイルを照合済み。公開HTTP挙動は切替時に確認
/archives/104.html,/archive-104,301転送,_redirectsの実設定と転送先ファイルを照合済み。公開HTTP挙動は切替時に確認
/archives/106/index.html,/archive-106,301転送,_redirectsの実設定と転送先ファイルを照合済み。公開HTTP挙動は切替時に確認
/archives/106.html,/archive-106,301転送,_redirectsの実設定と転送先ファイルを照合済み。公開HTTP挙動は切替時に確認
/archives/108/index.html,/archive-108,301転送,_redirectsの実設定と転送先ファイルを照合済み。公開HTTP挙動は切替時に確認
/archives/108.html,/archive-108,301転送,_redirectsの実設定と転送先ファイルを照合済み。公開HTTP挙動は切替時に確認
/archives/110/index.html,/archive-110,301転送,_redirectsの実設定と転送先ファイルを照合済み。公開HTTP挙動は切替時に確認
/archives/110.html,/archive-110,301転送,_redirectsの実設定と転送先ファイルを照合済み。公開HTTP挙動は切替時に確認
/archives/112/index.html,/archive-112,301転送,_redirectsの実設定と転送先ファイルを照合済み。公開HTTP挙動は切替時に確認
/archives/112.html,/archive-112,301転送,_redirectsの実設定と転送先ファイルを照合済み。公開HTTP挙動は切替時に確認
/archives/114/index.html,/archive-114,301転送,_redirectsの実設定と転送先ファイルを照合済み。公開HTTP挙動は切替時に確認
/archives/114.html,/archive-114,301転送,_redirectsの実設定と転送先ファイルを照合済み。公開HTTP挙動は切替時に確認
/archives/116/index.html,/archive-116,301転送,_redirectsの実設定と転送先ファイルを照合済み。公開HTTP挙動は切替時に確認
/archives/116.html,/archive-116,301転送,_redirectsの実設定と転送先ファイルを照合済み。公開HTTP挙動は切替時に確認
/archives/118/index.html,/archive-118,301転送,_redirectsの実設定と転送先ファイルを照合済み。公開HTTP挙動は切替時に確認
/archives/118.html,/archive-118,301転送,_redirectsの実設定と転送先ファイルを照合済み。公開HTTP挙動は切替時に確認
/archives/120/index.html,/archive-120,301転送,_redirectsの実設定と転送先ファイルを照合済み。公開HTTP挙動は切替時に確認
/archives/120.html,/archive-120,301転送,_redirectsの実設定と転送先ファイルを照合済み。公開HTTP挙動は切替時に確認
/archives/1223.html,/archive-1223,301転送,_redirectsの実設定と転送先ファイルを照合済み。公開HTTP挙動は切替時に確認
/archives/1226.html,/archive-1226,301転送,_redirectsの実設定と転送先ファイルを照合済み。公開HTTP挙動は切替時に確認
/archives/1229.html,/archive-1229,301転送,_redirectsの実設定と転送先ファイルを照合済み。公開HTTP挙動は切替時に確認
/archives/1235.html,/archive-1235,301転送,_redirectsの実設定と転送先ファイルを照合済み。公開HTTP挙動は切替時に確認
/archives/1238.html,/archive-1238,301転送,_redirectsの実設定と転送先ファイルを照合済み。公開HTTP挙動は切替時に確認
/archives/124/index.html,/archive-124,301転送,_redirectsの実設定と転送先ファイルを照合済み。公開HTTP挙動は切替時に確認
/archives/124.html,/archive-124,301転送,_redirectsの実設定と転送先ファイルを照合済み。公開HTTP挙動は切替時に確認
/archives/1244.html,/archive-1244,301転送,_redirectsの実設定と転送先ファイルを照合済み。公開HTTP挙動は切替時に確認
/archives/1247.html,/archive-1247,301転送,_redirectsの実設定と転送先ファイルを照合済み。公開HTTP挙動は切替時に確認
/archives/1249.html,/archive-1249,301転送,_redirectsの実設定と転送先ファイルを照合済み。公開HTTP挙動は切替時に確認
/archives/1252.html,/archive-1252,301転送,_redirectsの実設定と転送先ファイルを照合済み。公開HTTP挙動は切替時に確認
/archives/1255.html,/archive-1255,301転送,_redirectsの実設定と転送先ファイルを照合済み。公開HTTP挙動は切替時に確認
/archives/126/index.html,/archive-126,301転送,_redirectsの実設定と転送先ファイルを照合済み。公開HTTP挙動は切替時に確認
/archives/126.html,/archive-126,301転送,_redirectsの実設定と転送先ファイルを照合済み。公開HTTP挙動は切替時に確認
/archives/1265.html,/archive-1265,301転送,_redirectsの実設定と転送先ファイルを照合済み。公開HTTP挙動は切替時に確認
/archives/1267.html,/archive-1267,301転送,_redirectsの実設定と転送先ファイルを照合済み。公開HTTP挙動は切替時に確認
/archives/1270.html,/archive-1270,301転送,_redirectsの実設定と転送先ファイルを照合済み。公開HTTP挙動は切替時に確認
/archives/1273.html,/archive-1273,301転送,_redirectsの実設定と転送先ファイルを照合済み。公開HTTP挙動は切替時に確認
/archives/1276.html,/archive-1276,301転送,_redirectsの実設定と転送先ファイルを照合済み。公開HTTP挙動は切替時に確認
/archives/1279.html,/archive-1279,301転送,_redirectsの実設定と転送先ファイルを照合済み。公開HTTP挙動は切替時に確認
/archives/128/index.html,/archive-128,301転送,_redirectsの実設定と転送先ファイルを照合済み。公開HTTP挙動は切替時に確認
/archives/128.html,/archive-128,301転送,_redirectsの実設定と転送先ファイルを照合済み。公開HTTP挙動は切替時に確認
/archives/132/index.html,/archive-132,301転送,_redirectsの実設定と転送先ファイルを照合済み。公開HTTP挙動は切替時に確認
/archives/132.html,/archive-132,301転送,_redirectsの実設定と転送先ファイルを照合済み。公開HTTP挙動は切替時に確認
/archives/134/index.html,/archive-134,301転送,_redirectsの実設定と転送先ファイルを照合済み。公開HTTP挙動は切替時に確認
/archives/134.html,/archive-134,301転送,_redirectsの実設定と転送先ファイルを照合済み。公開HTTP挙動は切替時に確認
/archives/136/index.html,/archive-136,301転送,_redirectsの実設定と転送先ファイルを照合済み。公開HTTP挙動は切替時に確認
/archives/136.html,/archive-136,301転送,_redirectsの実設定と転送先ファイルを照合済み。公開HTTP挙動は切替時に確認
/archives/138/index.html,/archive-138,301転送,_redirectsの実設定と転送先ファイルを照合済み。公開HTTP挙動は切替時に確認
/archives/138.html,/archive-138,301転送,_redirectsの実設定と転送先ファイルを照合済み。公開HTTP挙動は切替時に確認
/archives/140/index.html,/archive-140,301転送,_redirectsの実設定と転送先ファイルを照合済み。公開HTTP挙動は切替時に確認
/archives/140.html,/archive-140,301転送,_redirectsの実設定と転送先ファイルを照合済み。公開HTTP挙動は切替時に確認
/archives/142/index.html,/archive-142,301転送,_redirectsの実設定と転送先ファイルを照合済み。公開HTTP挙動は切替時に確認
/archives/142.html,/archive-142,301転送,_redirectsの実設定と転送先ファイルを照合済み。公開HTTP挙動は切替時に確認
/archives/144/index.html,/archive-144,301転送,_redirectsの実設定と転送先ファイルを照合済み。公開HTTP挙動は切替時に確認
/archives/144.html,/archive-144,301転送,_redirectsの実設定と転送先ファイルを照合済み。公開HTTP挙動は切替時に確認
/archives/148/index.html,/archive-148,301転送,_redirectsの実設定と転送先ファイルを照合済み。公開HTTP挙動は切替時に確認
/archives/148.html,/archive-148,301転送,_redirectsの実設定と転送先ファイルを照合済み。公開HTTP挙動は切替時に確認
/archives/150/index.html,/archive-150,301転送,_redirectsの実設定と転送先ファイルを照合済み。公開HTTP挙動は切替時に確認
/archives/150.html,/archive-150,301転送,_redirectsの実設定と転送先ファイルを照合済み。公開HTTP挙動は切替時に確認
/archives/152/index.html,/archive-152,301転送,_redirectsの実設定と転送先ファイルを照合済み。公開HTTP挙動は切替時に確認
/archives/152.html,/archive-152,301転送,_redirectsの実設定と転送先ファイルを照合済み。公開HTTP挙動は切替時に確認
/archives/154/index.html,/archive-154,301転送,_redirectsの実設定と転送先ファイルを照合済み。公開HTTP挙動は切替時に確認
/archives/154.html,/archive-154,301転送,_redirectsの実設定と転送先ファイルを照合済み。公開HTTP挙動は切替時に確認
/archives/156/index.html,/archive-156,301転送,_redirectsの実設定と転送先ファイルを照合済み。公開HTTP挙動は切替時に確認
/archives/156.html,/archive-156,301転送,_redirectsの実設定と転送先ファイルを照合済み。公開HTTP挙動は切替時に確認
/archives/162.html,/archive-162,301転送,_redirectsの実設定と転送先ファイルを照合済み。公開HTTP挙動は切替時に確認
/archives/164.html,/archive-164,301転送,_redirectsの実設定と転送先ファイルを照合済み。公開HTTP挙動は切替時に確認
/archives/166.html,/archive-166,301転送,_redirectsの実設定と転送先ファイルを照合済み。公開HTTP挙動は切替時に確認
/archives/168.html,/archive-168,301転送,_redirectsの実設定と転送先ファイルを照合済み。公開HTTP挙動は切替時に確認
/archives/170.html,/archive-170,301転送,_redirectsの実設定と転送先ファイルを照合済み。公開HTTP挙動は切替時に確認
/archives/172.html,/archive-172,301転送,_redirectsの実設定と転送先ファイルを照合済み。公開HTTP挙動は切替時に確認
/archives/174.html,/archive-174,301転送,_redirectsの実設定と転送先ファイルを照合済み。公開HTTP挙動は切替時に確認
/archives/176.html,/archive-176,301転送,_redirectsの実設定と転送先ファイルを照合済み。公開HTTP挙動は切替時に確認
/archives/178.html,/archive-178,301転送,_redirectsの実設定と転送先ファイルを照合済み。公開HTTP挙動は切替時に確認
/archives/180.html,/archive-180,301転送,_redirectsの実設定と転送先ファイルを照合済み。公開HTTP挙動は切替時に確認
/archives/182.html,/archive-182,301転送,_redirectsの実設定と転送先ファイルを照合済み。公開HTTP挙動は切替時に確認
/archives/1835/index.html,/archive-1835,301転送,_redirectsの実設定と転送先ファイルを照合済み。公開HTTP挙動は切替時に確認
/archives/1835.html,/archive-1835,301転送,_redirectsの実設定と転送先ファイルを照合済み。公開HTTP挙動は切替時に確認
/archives/1836/index.html,/archive-1836,301転送,_redirectsの実設定と転送先ファイルを照合済み。公開HTTP挙動は切替時に確認
/archives/1836.html,/archive-1836,301転送,_redirectsの実設定と転送先ファイルを照合済み。公開HTTP挙動は切替時に確認
/archives/1839/index.html,/archive-1839,301転送,_redirectsの実設定と転送先ファイルを照合済み。公開HTTP挙動は切替時に確認
/archives/1839.html,/archive-1839,301転送,_redirectsの実設定と転送先ファイルを照合済み。公開HTTP挙動は切替時に確認
/archives/184.html,/archive-184,301転送,_redirectsの実設定と転送先ファイルを照合済み。公開HTTP挙動は切替時に確認
/archives/1841/index.html,/archive-1841,301転送,_redirectsの実設定と転送先ファイルを照合済み。公開HTTP挙動は切替時に確認
/archives/1841.html,/archive-1841,301転送,_redirectsの実設定と転送先ファイルを照合済み。公開HTTP挙動は切替時に確認
/archives/1846/index.html,/archive-1846,301転送,_redirectsの実設定と転送先ファイルを照合済み。公開HTTP挙動は切替時に確認
/archives/1846.html,/archive-1846,301転送,_redirectsの実設定と転送先ファイルを照合済み。公開HTTP挙動は切替時に確認
/archives/1848.html,/archive-1848,301転送,_redirectsの実設定と転送先ファイルを照合済み。公開HTTP挙動は切替時に確認
/archives/186.html,/archive-186,301転送,_redirectsの実設定と転送先ファイルを照合済み。公開HTTP挙動は切替時に確認
/archives/188.html,/archive-188,301転送,_redirectsの実設定と転送先ファイルを照合済み。公開HTTP挙動は切替時に確認
/archives/190.html,/archive-190,301転送,_redirectsの実設定と転送先ファイルを照合済み。公開HTTP挙動は切替時に確認
/archives/192.html,/archive-192,301転送,_redirectsの実設定と転送先ファイルを照合済み。公開HTTP挙動は切替時に確認
/archives/194.html,/archive-194,301転送,_redirectsの実設定と転送先ファイルを照合済み。公開HTTP挙動は切替時に確認
/archives/196.html,/archive-196,301転送,_redirectsの実設定と転送先ファイルを照合済み。公開HTTP挙動は切替時に確認
/archives/198.html,/archive-198,301転送,_redirectsの実設定と転送先ファイルを照合済み。公開HTTP挙動は切替時に確認
/archives/200.html,/archive-200,301転送,_redirectsの実設定と転送先ファイルを照合済み。公開HTTP挙動は切替時に確認
/archives/202.html,/archive-202,301転送,_redirectsの実設定と転送先ファイルを照合済み。公開HTTP挙動は切替時に確認
/archives/204.html,/archive-204,301転送,_redirectsの実設定と転送先ファイルを照合済み。公開HTTP挙動は切替時に確認
/archives/206.html,/archive-206,301転送,_redirectsの実設定と転送先ファイルを照合済み。公開HTTP挙動は切替時に確認
/archives/208.html,/archive-208,301転送,_redirectsの実設定と転送先ファイルを照合済み。公開HTTP挙動は切替時に確認
/archives/210.html,/archive-210,301転送,_redirectsの実設定と転送先ファイルを照合済み。公開HTTP挙動は切替時に確認
/archives/212.html,/archive-212,301転送,_redirectsの実設定と転送先ファイルを照合済み。公開HTTP挙動は切替時に確認
/archives/214.html,/archive-214,301転送,_redirectsの実設定と転送先ファイルを照合済み。公開HTTP挙動は切替時に確認
/archives/216.html,/archive-216,301転送,_redirectsの実設定と転送先ファイルを照合済み。公開HTTP挙動は切替時に確認
/archives/218.html,/archive-218,301転送,_redirectsの実設定と転送先ファイルを照合済み。公開HTTP挙動は切替時に確認
/archives/220.html,/archive-220,301転送,_redirectsの実設定と転送先ファイルを照合済み。公開HTTP挙動は切替時に確認
/archives/222.html,/archive-222,301転送,_redirectsの実設定と転送先ファイルを照合済み。公開HTTP挙動は切替時に確認
/archives/224.html,/archive-224,301転送,_redirectsの実設定と転送先ファイルを照合済み。公開HTTP挙動は切替時に確認
/archives/226.html,/archive-226,301転送,_redirectsの実設定と転送先ファイルを照合済み。公開HTTP挙動は切替時に確認
/archives/228.html,/archive-228,301転送,_redirectsの実設定と転送先ファイルを照合済み。公開HTTP挙動は切替時に確認
/archives/230.html,/archive-230,301転送,_redirectsの実設定と転送先ファイルを照合済み。公開HTTP挙動は切替時に確認
/archives/234.html,/archive-234,301転送,_redirectsの実設定と転送先ファイルを照合済み。公開HTTP挙動は切替時に確認
/archives/236.html,/archive-236,301転送,_redirectsの実設定と転送先ファイルを照合済み。公開HTTP挙動は切替時に確認
/archives/238.html,/archive-238,301転送,_redirectsの実設定と転送先ファイルを照合済み。公開HTTP挙動は切替時に確認
/archives/240.html,/archive-240,301転送,_redirectsの実設定と転送先ファイルを照合済み。公開HTTP挙動は切替時に確認
/archives/244.html,/archive-244,301転送,_redirectsの実設定と転送先ファイルを照合済み。公開HTTP挙動は切替時に確認
/archives/246.html,/archive-246,301転送,_redirectsの実設定と転送先ファイルを照合済み。公開HTTP挙動は切替時に確認
/archives/248.html,/archive-248,301転送,_redirectsの実設定と転送先ファイルを照合済み。公開HTTP挙動は切替時に確認
/archives/250.html,/archive-250,301転送,_redirectsの実設定と転送先ファイルを照合済み。公開HTTP挙動は切替時に確認
/archives/252.html,/archive-252,301転送,_redirectsの実設定と転送先ファイルを照合済み。公開HTTP挙動は切替時に確認
/archives/254.html,/archive-254,301転送,_redirectsの実設定と転送先ファイルを照合済み。公開HTTP挙動は切替時に確認
/archives/2552/index.html,/archive-2552,301転送,_redirectsの実設定と転送先ファイルを照合済み。公開HTTP挙動は切替時に確認
/archives/2552.html,/archive-2552,301転送,_redirectsの実設定と転送先ファイルを照合済み。公開HTTP挙動は切替時に確認
/archives/256.html,/archive-256,301転送,_redirectsの実設定と転送先ファイルを照合済み。公開HTTP挙動は切替時に確認
/archives/258.html,/archive-258,301転送,_redirectsの実設定と転送先ファイルを照合済み。公開HTTP挙動は切替時に確認
/archives/2588/index.html,/archive-2588,301転送,_redirectsの実設定と転送先ファイルを照合済み。公開HTTP挙動は切替時に確認
/archives/2588.html,/archive-2588,301転送,_redirectsの実設定と転送先ファイルを照合済み。公開HTTP挙動は切替時に確認
/archives/260.html,/archive-260,301転送,_redirectsの実設定と転送先ファイルを照合済み。公開HTTP挙動は切替時に確認
/archives/262.html,/archive-262,301転送,_redirectsの実設定と転送先ファイルを照合済み。公開HTTP挙動は切替時に確認
/archives/264.html,/archive-264,301転送,_redirectsの実設定と転送先ファイルを照合済み。公開HTTP挙動は切替時に確認
/archives/266.html,/archive-266,301転送,_redirectsの実設定と転送先ファイルを照合済み。公開HTTP挙動は切替時に確認
/archives/268.html,/archive-268,301転送,_redirectsの実設定と転送先ファイルを照合済み。公開HTTP挙動は切替時に確認
/archives/272.html,/archive-272,301転送,_redirectsの実設定と転送先ファイルを照合済み。公開HTTP挙動は切替時に確認
/archives/274.html,/archive-274,301転送,_redirectsの実設定と転送先ファイルを照合済み。公開HTTP挙動は切替時に確認
/archives/276.html,/archive-276,301転送,_redirectsの実設定と転送先ファイルを照合済み。公開HTTP挙動は切替時に確認
/archives/278.html,/archive-278,301転送,_redirectsの実設定と転送先ファイルを照合済み。公開HTTP挙動は切替時に確認
/archives/280.html,/archive-280,301転送,_redirectsの実設定と転送先ファイルを照合済み。公開HTTP挙動は切替時に確認
/archives/282.html,/archive-282,301転送,_redirectsの実設定と転送先ファイルを照合済み。公開HTTP挙動は切替時に確認
/archives/3750/index.html,/archive-3750,301転送,_redirectsの実設定と転送先ファイルを照合済み。公開HTTP挙動は切替時に確認
/archives/3750.html,/archive-3750,301転送,_redirectsの実設定と転送先ファイルを照合済み。公開HTTP挙動は切替時に確認
/archives/3763/index.html,/archive-3763,301転送,_redirectsの実設定と転送先ファイルを照合済み。公開HTTP挙動は切替時に確認
/archives/3763.html,/archive-3763,301転送,_redirectsの実設定と転送先ファイルを照合済み。公開HTTP挙動は切替時に確認
/archives/4056/index.html,/archive-4056,301転送,_redirectsの実設定と転送先ファイルを照合済み。公開HTTP挙動は切替時に確認
/archives/4056.html,/archive-4056,301転送,_redirectsの実設定と転送先ファイルを照合済み。公開HTTP挙動は切替時に確認
/archives/4147/index.html,/archive-4147,301転送,_redirectsの実設定と転送先ファイルを照合済み。公開HTTP挙動は切替時に確認
/archives/4147.html,/archive-4147,301転送,_redirectsの実設定と転送先ファイルを照合済み。公開HTTP挙動は切替時に確認
/archives/4318/index.html,/archive-4318,301転送,_redirectsの実設定と転送先ファイルを照合済み。公開HTTP挙動は切替時に確認
/archives/4318.html,/archive-4318,301転送,_redirectsの実設定と転送先ファイルを照合済み。公開HTTP挙動は切替時に確認
/archives/4325/index.html,/archive-4325,301転送,_redirectsの実設定と転送先ファイルを照合済み。公開HTTP挙動は切替時に確認
/archives/4325.html,/archive-4325,301転送,_redirectsの実設定と転送先ファイルを照合済み。公開HTTP挙動は切替時に確認
/archives/4342/index.html,/archive-4342,301転送,_redirectsの実設定と転送先ファイルを照合済み。公開HTTP挙動は切替時に確認
/archives/4342.html,/archive-4342,301転送,_redirectsの実設定と転送先ファイルを照合済み。公開HTTP挙動は切替時に確認
/archives/4346/index.html,/archive-4346,301転送,_redirectsの実設定と転送先ファイルを照合済み。公開HTTP挙動は切替時に確認
/archives/4346.html,/archive-4346,301転送,_redirectsの実設定と転送先ファイルを照合済み。公開HTTP挙動は切替時に確認
/archives/55/index.html,/archive-55,301転送,_redirectsの実設定と転送先ファイルを照合済み。公開HTTP挙動は切替時に確認
/archives/55.html,/archive-55,301転送,_redirectsの実設定と転送先ファイルを照合済み。公開HTTP挙動は切替時に確認
/archives/58/index.html,/archive-58,301転送,_redirectsの実設定と転送先ファイルを照合済み。公開HTTP挙動は切替時に確認
/archives/58.html,/archive-58,301転送,_redirectsの実設定と転送先ファイルを照合済み。公開HTTP挙動は切替時に確認
/archives/62/index.html,/archive-62,301転送,_redirectsの実設定と転送先ファイルを照合済み。公開HTTP挙動は切替時に確認
/archives/62.html,/archive-62,301転送,_redirectsの実設定と転送先ファイルを照合済み。公開HTTP挙動は切替時に確認
/archives/64/index.html,/archive-64,301転送,_redirectsの実設定と転送先ファイルを照合済み。公開HTTP挙動は切替時に確認
/archives/64.html,/archive-64,301転送,_redirectsの実設定と転送先ファイルを照合済み。公開HTTP挙動は切替時に確認
/archives/66/index.html,/archive-66,301転送,_redirectsの実設定と転送先ファイルを照合済み。公開HTTP挙動は切替時に確認
/archives/66.html,/archive-66,301転送,_redirectsの実設定と転送先ファイルを照合済み。公開HTTP挙動は切替時に確認
/archives/68/index.html,/archive-68,301転送,_redirectsの実設定と転送先ファイルを照合済み。公開HTTP挙動は切替時に確認
/archives/68.html,/archive-68,301転送,_redirectsの実設定と転送先ファイルを照合済み。公開HTTP挙動は切替時に確認
/archives/701/index.html,/archive-701,301転送,_redirectsの実設定と転送先ファイルを照合済み。公開HTTP挙動は切替時に確認
/archives/701.html,/archive-701,301転送,_redirectsの実設定と転送先ファイルを照合済み。公開HTTP挙動は切替時に確認
/archives/706/index.html,/archive-706,301転送,_redirectsの実設定と転送先ファイルを照合済み。公開HTTP挙動は切替時に確認
/archives/706.html,/archive-706,301転送,_redirectsの実設定と転送先ファイルを照合済み。公開HTTP挙動は切替時に確認
/archives/75/index.html,/archive-75,301転送,_redirectsの実設定と転送先ファイルを照合済み。公開HTTP挙動は切替時に確認
/archives/75.html,/archive-75,301転送,_redirectsの実設定と転送先ファイルを照合済み。公開HTTP挙動は切替時に確認
/archives/77/index.html,/archive-77,301転送,_redirectsの実設定と転送先ファイルを照合済み。公開HTTP挙動は切替時に確認
/archives/77.html,/archive-77,301転送,_redirectsの実設定と転送先ファイルを照合済み。公開HTTP挙動は切替時に確認
/archives/79/index.html,/archive-79,301転送,_redirectsの実設定と転送先ファイルを照合済み。公開HTTP挙動は切替時に確認
/archives/79.html,/archive-79,301転送,_redirectsの実設定と転送先ファイルを照合済み。公開HTTP挙動は切替時に確認
/archives/81/index.html,/archive-81,301転送,_redirectsの実設定と転送先ファイルを照合済み。公開HTTP挙動は切替時に確認
/archives/81.html,/archive-81,301転送,_redirectsの実設定と転送先ファイルを照合済み。公開HTTP挙動は切替時に確認
/archives/83/index.html,/archive-83,301転送,_redirectsの実設定と転送先ファイルを照合済み。公開HTTP挙動は切替時に確認
/archives/83.html,/archive-83,301転送,_redirectsの実設定と転送先ファイルを照合済み。公開HTTP挙動は切替時に確認
/archives/85/index.html,/archive-85,301転送,_redirectsの実設定と転送先ファイルを照合済み。公開HTTP挙動は切替時に確認
/archives/85.html,/archive-85,301転送,_redirectsの実設定と転送先ファイルを照合済み。公開HTTP挙動は切替時に確認
/archives/87/index.html,/archive-87,301転送,_redirectsの実設定と転送先ファイルを照合済み。公開HTTP挙動は切替時に確認
/archives/87.html,/archive-87,301転送,_redirectsの実設定と転送先ファイルを照合済み。公開HTTP挙動は切替時に確認
/archives/91/index.html,/archive-91,301転送,_redirectsの実設定と転送先ファイルを照合済み。公開HTTP挙動は切替時に確認
/archives/91.html,/archive-91,301転送,_redirectsの実設定と転送先ファイルを照合済み。公開HTTP挙動は切替時に確認
/archives/94/index.html,/archive-94,301転送,_redirectsの実設定と転送先ファイルを照合済み。公開HTTP挙動は切替時に確認
/archives/94.html,/archive-94,301転送,_redirectsの実設定と転送先ファイルを照合済み。公開HTTP挙動は切替時に確認
/archives/98/index.html,/archive-98,301転送,_redirectsの実設定と転送先ファイルを照合済み。公開HTTP挙動は切替時に確認
/archives/98.html,/archive-98,301転送,_redirectsの実設定と転送先ファイルを照合済み。公開HTTP挙動は切替時に確認
/archives/author/vispo.html,/archive,301転送,著者別旧記事一覧を保存記事一覧に統合。公開HTTP検証対象。
/archives/author/vispo_owner.html,/archive,301転送,著者別旧記事一覧を保存記事一覧に統合。公開HTTP検証対象。
/archives/category/campaign.html,/archive#category-campaign,301転送,_redirectsの実設定と転送先ファイルを照合済み。公開HTTP挙動は切替時に確認
/archives/category/machine/abdominal-area.html,/archive#category-machine-abdominal-area,301転送,_redirectsの実設定と転送先ファイルを照合済み。公開HTTP挙動は切替時に確認
/archives/category/machine/aerobic-area.html,/archive#category-machine-aerobic-area,301転送,_redirectsの実設定と転送先ファイルを照合済み。公開HTTP挙動は切替時に確認
/archives/category/machine/freeweight-area.html,/archive#category-machine-freeweight-area,301転送,_redirectsの実設定と転送先ファイルを照合済み。公開HTTP挙動は切替時に確認
/archives/category/machine/hogrel-area.html,/archive#category-machine-hogrel-area,301転送,_redirectsの実設定と転送先ファイルを照合済み。公開HTTP挙動は切替時に確認
/archives/category/machine/machine-area.html,/archive#category-machine-machine-area,301転送,_redirectsの実設定と転送先ファイルを照合済み。公開HTTP挙動は切替時に確認
/archives/category/machine/woman.html,/archive#category-machine-woman,301転送,_redirectsの実設定と転送先ファイルを照合済み。公開HTTP挙動は切替時に確認
/archives/category/machine.html,/archive#category-machine,301転送,_redirectsの実設定と転送先ファイルを照合済み。公開HTTP挙動は切替時に確認
/archives/category/news.html,/archive#category-news,301転送,_redirectsの実設定と転送先ファイルを照合済み。公開HTTP挙動は切替時に確認
/archives/category/program/aero.html,/archive#category-program-aero,301転送,_redirectsの実設定と転送先ファイルを照合済み。公開HTTP挙動は切替時に確認
/archives/category/program/dance.html,/archive#category-program-dance,301転送,_redirectsの実設定と転送先ファイルを照合済み。公開HTTP挙動は切替時に確認
/archives/category/program/friday.html,/archive#category-program-friday,301転送,_redirectsの実設定と転送先ファイルを照合済み。公開HTTP挙動は切替時に確認
/archives/category/program/martialarts.html,/archive#category-program-martialarts,301転送,_redirectsの実設定と転送先ファイルを照合済み。公開HTTP挙動は切替時に確認
/archives/category/program/monday.html,/archive#category-program-monday,301転送,_redirectsの実設定と転送先ファイルを照合済み。公開HTTP挙動は切替時に確認
/archives/category/program/muscle.html,/archive#category-program-muscle,301転送,_redirectsの実設定と転送先ファイルを照合済み。公開HTTP挙動は切替時に確認
/archives/category/program/relax.html,/archive#category-program-relax,301転送,_redirectsの実設定と転送先ファイルを照合済み。公開HTTP挙動は切替時に確認
/archives/category/program/saturday.html,/archive#category-program-saturday,301転送,_redirectsの実設定と転送先ファイルを照合済み。公開HTTP挙動は切替時に確認
/archives/category/program/sunday.html,/archive#category-program-sunday,301転送,_redirectsの実設定と転送先ファイルを照合済み。公開HTTP挙動は切替時に確認
/archives/category/program/tuesday.html,/archive#category-program-tuesday,301転送,_redirectsの実設定と転送先ファイルを照合済み。公開HTTP挙動は切替時に確認
/archives/category/program/wednesday.html,/archive#category-program-wednesday,301転送,_redirectsの実設定と転送先ファイルを照合済み。公開HTTP挙動は切替時に確認
/archives/category/program.html,/archive#category-program,301転送,_redirectsの実設定と転送先ファイルを照合済み。公開HTTP挙動は切替時に確認
/bodymake60/index.html,/bodymake60,301転送,_redirectsの実設定と転送先ファイルを照合済み。公開HTTP挙動は切替時に確認
/bodymake60.html,/bodymake60,維持,同名ページを保持。拡張子除去はCloudflare Pages標準動作
/bodymake60_thanks.html,/receipt,301転送,_redirectsの実設定と転送先ファイルを照合済み。公開HTTP挙動は切替時に確認
/contact/index.html,/contact,301転送,_redirectsの実設定と転送先ファイルを照合済み。公開HTTP挙動は切替時に確認
/contact.html,/contact,維持,同名ページを保持。拡張子除去はCloudflare Pages標準動作
/corporate/index.html,/corporate,301転送,_redirectsの実設定と転送先ファイルを照合済み。公開HTTP挙動は切替時に確認
/day_thanks.html,/receipt,301転送,_redirectsの実設定と転送先ファイルを照合済み。公開HTTP挙動は切替時に確認
/diet_form/index.html,/inquiry,301転送,_redirectsの実設定と転送先ファイルを照合済み。公開HTTP挙動は切替時に確認
/diet_form.html,/inquiry,301転送,_redirectsの実設定と転送先ファイルを照合済み。公開HTTP挙動は切替時に確認
/experience/index.html,/experience,301転送,_redirectsの実設定と転送先ファイルを照合済み。公開HTTP挙動は切替時に確認
/experience.html,/experience,維持,同名ページを保持。拡張子除去はCloudflare Pages標準動作
/facility/index.html,/facility,301転送,_redirectsの実設定と転送先ファイルを照合済み。公開HTTP挙動は切替時に確認
/fee/index.html,/fee,301転送,_redirectsの実設定と転送先ファイルを照合済み。公開HTTP挙動は切替時に確認
/fee.html,/fee,維持,同名ページを保持。拡張子除去はCloudflare Pages標準動作
/gym/index.html,/gym,301転送,_redirectsの実設定と転送先ファイルを照合済み。公開HTTP挙動は切替時に確認
/gym.html,/gym,維持,同名ページを保持。拡張子除去はCloudflare Pages標準動作
/gym_thanks.html,/receipt,301転送,_redirectsの実設定と転送先ファイルを照合済み。公開HTTP挙動は切替時に確認
/index.html,/,維持,同名ページを保持。拡張子除去はCloudflare Pages標準動作
/machine/index.html,/machine,301転送,_redirectsの実設定と転送先ファイルを照合済み。公開HTTP挙動は切替時に確認
/machine.html,/machine,維持,同名ページを保持。拡張子除去はCloudflare Pages標準動作
/ordermade.html,/archive-ordermade,301転送,_redirectsの実設定と転送先ファイルを照合済み。公開HTTP挙動は切替時に確認
/personal/index.html,/personal,301転送,_redirectsの実設定と転送先ファイルを照合済み。公開HTTP挙動は切替時に確認
/personal.html,/personal,維持,同名ページを保持。拡張子除去はCloudflare Pages標準動作
/policy/index.html,/privacy,301転送,_redirectsの実設定と転送先ファイルを照合済み。公開HTTP挙動は切替時に確認
/program/index.html,/program,301転送,_redirectsの実設定と転送先ファイルを照合済み。公開HTTP挙動は切替時に確認
/program.html,/program,維持,同名ページを保持。拡張子除去はCloudflare Pages標準動作
/renewal.html,/archive-renewal,301転送,_redirectsの実設定と転送先ファイルを照合済み。公開HTTP挙動は切替時に確認
/sample-page.html,,意図的404,WordPressのサンプル例文のため移行対象外。404ページで案内
/schedule/index.html,/schedule,301転送,_redirectsの実設定と転送先ファイルを照合済み。公開HTTP挙動は切替時に確認
/thanks.html,/receipt,301転送,_redirectsの実設定と転送先ファイルを照合済み。公開HTTP挙動は切替時に確認
/vispo/admission.html,/admission,301転送,_redirectsの実設定と転送先ファイルを照合済み。公開HTTP挙動は切替時に確認
/vispo/experience.html,/experience,301転送,_redirectsの実設定と転送先ファイルを照合済み。公開HTTP挙動は切替時に確認
/vispo/web.html,/web,301転送,_redirectsの実設定と転送先ファイルを照合済み。公開HTTP挙動は切替時に確認
/vispo-pilates.html,/archive-vispo-pilates,301転送,_redirectsの実設定と転送先ファイルを照合済み。公開HTTP挙動は切替時に確認
/vispo24/index.html,/facility,301転送,_redirectsの実設定と転送先ファイルを照合済み。公開HTTP挙動は切替時に確認
/vispo24.html,/facility,301転送,_redirectsの実設定と転送先ファイルを照合済み。公開HTTP挙動は切替時に確認
/web/index.html,/web,301転送,_redirectsの実設定と転送先ファイルを照合済み。公開HTTP挙動は切替時に確認
/web.html,/web,維持,同名ページを保持。拡張子除去はCloudflare Pages標準動作
/web_thanks.html,/receipt,301転送,_redirectsの実設定と転送先ファイルを照合済み。公開HTTP挙動は切替時に確認
/woman/index.html,/woman,301転送,_redirectsの実設定と転送先ファイルを照合済み。公開HTTP挙動は切替時に確認
/woman.html,/woman,維持,同名ページを保持。拡張子除去はCloudflare Pages標準動作
